"Hah","HaH","haH"
"Michael Mcconnell","Psychiatrist","krystalmontgomery@yahoo.com"
"Kristi Chavez","Engineer, production","rmeyer@hotmail.com"
"Stephen Avila","Textile designer","ruth17@wolfe.org"
"Timothy Morgan","Risk manager","qlee@phillips.biz"
"Danny Stevens","Applications developer","mollybrooks@yahoo.com"
"Jose Gutierrez","Civil engineer, consulting","daniellecortez@yahoo.com"
"Warren Mcintosh","Teacher, music","rodneygordon@contreras.com"
"Alyssa Cox","Charity officer","adam39@hotmail.com"
"Jeanne Patterson","Therapist, art","lisa30@gmail.com"
"Anthony White","Quarry manager","ufitzpatrick@hotmail.com"
"Lisa Kaiser","Scientist, research (medical)","jcampbell@edwards-rodriguez.com"
"Rhonda Erickson","Child psychotherapist","thompsonjames@hotmail.com"
"Anthony Roberts","Editor, magazine features","kharris@hotmail.com"
"James Moore","Charity officer","qanderson@gmail.com"
"Christina Li","Broadcast engineer","stokesgloria@gmail.com"
"Robert Dean","Ambulance person","jasonshepard@lawrence.com"
"Timothy Andrade","Air cabin crew","steven42@thomas.com"
"Diana Small","Chief Technology Officer","mirandaconner@hotmail.com"
"Haley Bishop","Landscape architect","collierlisa@yahoo.com"
"Kimberly Murphy","Chemical engineer","paulryan@baker.com"
"Eric Oconnor","Surveyor, mining","karenbenitez@mcintosh.com"
"Jessica Rodriguez","Print production planner","jessicawilliams@hotmail.com"
"Jaime Green","Air cabin crew","weberdaniel@mejia.info"
"Linda Stone","Engineer, chemical","mossjennifer@gmail.com"
"Dr. Ashley Walters MD","Network engineer","kmiller@gmail.com"
"Betty Guerrero","Designer, industrial/product","michele82@marsh-gonzalez.com"
"Brianna Wiley","IT technical support officer","ubailey@irwin.com"
"Christina Diaz","Charity fundraiser","ryanwilliam@bass.com"
"Colin Smith","Financial manager","changmelissa@yahoo.com"
"James Thomas","Social research officer, government","chill@carter.info"
"Emily Hull","Immunologist","ikennedy@hernandez.net"
"Rachel Ochoa","Trade mark attorney","thomashardin@alexander-simon.com"
"Theresa James","Claims inspector/assessor","patrick09@gmail.com"
"Steven Glenn","Production manager","vmartin@patel.biz"
"Chase Dillon","Investment banker, corporate","jason22@gmail.com"
"Jasmine Osborne","Animal nutritionist","efarrell@gilmore.com"
"Joshua Hughes","Theatre director","tammyroberts@yahoo.com"
"Paul Johnson","Accountant, chartered public finance","jacksonjamie@smith-williams.net"
"Jesse Bautista","Medical physicist","bushkatherine@hotmail.com"
"Edwin Arias","Surveyor, planning and development","sean27@hotmail.com"
"Charles Miller","Counsellor","ann40@gmail.com"
"Leah Conway","Water quality scientist","jennifernelson@pittman.com"
"Tracey Smith","Nurse, children's","plopez@gmail.com"
"Matthew Kelley","Graphic designer","lgordon@morrow.com"
"Ashley Baker","Fine artist","lwalker@perez.com"
"Elizabeth Gardner","Social worker","jonathan47@peterson.net"
"Paul Cameron","Furniture conservator/restorer","jessica35@valdez.com"
"Dillon Doyle","Programme researcher, broadcasting/film/video","curtispatrick@yahoo.com"
"Julie Rivas","Mining engineer","justin65@yahoo.com"
"Christopher Foster","Midwife","joshuanunez@hotmail.com"
"Matthew Lawrence","International aid/development worker","ryansmith@yahoo.com"
"Ashley Silva","Medical technical officer","erikschultz@yahoo.com"
"Carrie Wise","Arboriculturist","diazjamie@yahoo.com"
"Jacob Clark","Environmental consultant","danielnorman@yahoo.com"
"Amanda Butler","Editor, commissioning","cummingsmary@gmail.com"
"Emily Barnes","Environmental education officer","jody31@morris-harper.com"
"Lori Roth","Medical physicist","ikelly@johnson.com"
"Kenneth Simpson","Materials engineer","jamie72@hotmail.com"
"Louis Richardson","Armed forces technical officer","tamara96@hotmail.com"
"Elaine Simmons","Fisheries officer","victoriacosta@smith.net"
"Anna Marquez","Systems analyst","olane@garcia.com"
"Christina Tate","Lighting technician, broadcasting/film/video","carmenstephenson@hunter.biz"
"Anne Olson","Engineer, broadcasting (operations)","martinezerin@wagner-perez.com"
"Shelby Hardin","Retail manager","alexandria91@gmail.com"
"Joseph Morris","Probation officer","pblevins@gmail.com"
"Angela Schwartz","Nature conservation officer","amyjohnson@tanner.info"
"Gregory Guzman","Surveyor, quantity","bushjesse@pope-green.com"
"Angela Gibson","Fitness centre manager","nicholas97@hotmail.com"
"Melissa Collins","Research scientist (maths)","dbutler@hotmail.com"
"Megan Price","Automotive engineer","cindysalazar@miller-leon.com"
"Lisa Lynch","Engineer, agricultural","nicolestewart@pierce-anthony.com"
"Anna Johnson","Research scientist (physical sciences)","justin84@hotmail.com"
"Arthur Roach","Health promotion specialist","sandrakrueger@jackson.biz"
"Shawn Medina","Claims inspector/assessor","qjackson@gmail.com"
"Timothy Clark","Engineering geologist","victoriahayden@gmail.com"
"Chad Randall","Scientist, product/process development","brownscott@garcia.com"
"Melody Ramirez","Barrister","johnstonkatie@nunez.info"
"Raven Sherman","Economist","kelleywilliam@hotmail.com"
"Tammy Parker","Armed forces training and education officer","bowenmichael@tucker.net"
"Gerald Watkins","Sports administrator","hcooper@vargas.com"
"Kevin Robinson","Geochemist","ricardo68@davis.org"
"Rita Rodriguez","Sports administrator","tyates@howell-mullins.com"
"Jerome Johns","Production designer, theatre/television/film","diazrachael@yahoo.com"
"Kayla Hardin","Aid worker","smithdan@hotmail.com"
"Audrey Baker","Environmental consultant","pabbott@reyes-wilcox.com"
"Mr. Zachary Carson","Administrator, education","harrisonchad@moore.com"
"Scott Willis","Nutritional therapist","bradleyhernandez@yahoo.com"
"Melanie Carpenter","Television production assistant","jeffreybenitez@smith.com"
"Kylie Smith","Designer, jewellery","debra07@gmail.com"
"Christopher Gillespie","Logistics and distribution manager","urogers@padilla.com"
"David Norman","Barrister","travis00@green.com"
"Heidi Gordon","Technical brewer","ijohnson@yahoo.com"
"Robert Martin","Leisure centre manager","jackiespencer@cline.com"
"Dana Salazar","Nutritional therapist","deborah04@hotmail.com"
"Stephen Thompson","Outdoor activities/education manager","oroberts@hall.com"
"Michael Hamilton","Scientist, biomedical","perrycourtney@gmail.com"
"Corey Garrett","Legal secretary","michael46@hotmail.com"
"Lisa Perez","Petroleum engineer","michaelfuentes@gmail.com"
"Barbara Sims","Learning disability nurse","jonathan46@mcintosh-williams.com"
"Elizabeth Downs","Air broker","travis69@blake-greer.org"
"Jessica Mcneil","Water engineer","hannahkelley@miller.com"
"Jasmine Ross","Theatre manager","alawson@hotmail.com"
"Eric Chaney","Contracting civil engineer","welchhannah@gmail.com"
"Diana Martinez","Personal assistant","angelacarter@gross.info"
"Alison Kim","Probation officer","copelandchristina@yahoo.com"
"Angela Esparza","Environmental consultant","adaugherty@douglas-perez.info"
"Steven Padilla","Chartered management accountant","christopher76@yahoo.com"
"John Black","Aeronautical engineer","joshuathornton@hotmail.com"
"Mary May","Food technologist","anthony23@munoz-johnson.com"
"Jennifer Kelly","Curator","cindy46@wright.com"
"William Garcia","Engineer, agricultural","deborahbright@yahoo.com"
"Craig Perry","Therapist, sports","levineandrew@yahoo.com"
"Taylor Mcdaniel","Therapist, horticultural","lisarichards@gmail.com"
"Mary Morales","Programmer, systems","brendamathis@gmail.com"
"Linda Morris","Fisheries officer","cmorris@hotmail.com"
"Heidi Hall","Comptroller","jeremybrooks@yahoo.com"
"Angela Hoover","Electronics engineer","jamiesmith@wiggins.com"
"Kimberly Hernandez","Engineer, broadcasting (operations)","jeffreymason@yahoo.com"
"Amy Ward","Energy manager","jasonmiller@gmail.com"
"Jamie Cummings","Regulatory affairs officer","qpitts@weber.biz"
"Emily Scott","Herpetologist","wsmith@harrison.com"
"Bob Lucas","Designer, exhibition/display","amanda74@jones.com"
"Brian Jackson","Media planner","bethchavez@yahoo.com"
